params,time,steps,reward_mean,reward_median,reward_min,reward_max,reward_std
"{""alpha"": 0.1, ""q_init"": ""random"", ""epsilon"": 0.1, ""epsilon_decay"": 0.0001, ""discount_factor"": 0.0}",13.744280999999319,100,-1.0,-1.0,-1.0,-1.0,0.0
"{""alpha"": 0.1, ""q_init"": ""random"", ""epsilon"": 0.1, ""epsilon_decay"": 0.0001, ""discount_factor"": 0.1}",10.513762999999017,100,2.097333333333333,-1.0,-1.0,5.733333333333333,3.3558760406189014
"{""alpha"": 0.1, ""q_init"": ""random"", ""epsilon"": 0.1, ""epsilon_decay"": 0.0001, ""discount_factor"": 0.2}",6.527970999999525,100,2.03,-1.0,-1.0,5.733333333333333,3.349791038258954
"{""alpha"": 0.1, ""q_init"": ""random"", ""epsilon"": 0.1, ""epsilon_decay"": 0.0001, ""discount_factor"": 0.3}",6.057951000000685,100,2.501333333333333,5.733333333333333,-1.0,5.733333333333333,3.3639722551372704
"{""alpha"": 0.1, ""q_init"": ""random"", ""epsilon"": 0.1, ""epsilon_decay"": 0.0001, ""discount_factor"": 0.4}",5.684265000001687,100,2.501333333333333,5.733333333333333,-1.0,5.733333333333333,3.3639722551372704
"{""alpha"": 0.1, ""q_init"": ""random"", ""epsilon"": 0.1, ""epsilon_decay"": 0.0001, ""discount_factor"": 0.5}",5.570316000001185,100,1.8279999999999996,-1.0,-1.0,5.733333333333333,3.323293948278825
"{""alpha"": 0.1, ""q_init"": ""random"", ""epsilon"": 0.1, ""epsilon_decay"": 0.0001, ""discount_factor"": 0.6}",5.37940399999934,100,2.636,5.733333333333333,-1.0,5.733333333333333,3.3558760406189014
"{""alpha"": 0.1, ""q_init"": ""random"", ""epsilon"": 0.1, ""epsilon_decay"": 0.0001, ""discount_factor"": 0.7}",5.332134000000224,100,2.0299999999999994,-1.0,-1.0,5.733333333333333,3.349791038258954
"{""alpha"": 0.1, ""q_init"": ""random"", ""epsilon"": 0.1, ""epsilon_decay"": 0.0001, ""discount_factor"": 0.8}",5.315553999998883,100,2.299333333333333,-1.0,-1.0,5.733333333333333,3.3659932659865293
"{""alpha"": 0.1, ""q_init"": ""random"", ""epsilon"": 0.1, ""epsilon_decay"": 0.0001, ""discount_factor"": 0.9}",5.190420999999333,100,2.3666666666666667,2.3666666666666667,-1.0,5.733333333333333,3.3666666666666667
"{""alpha"": 0.1, ""q_init"": ""random"", ""epsilon"": 0.3, ""epsilon_decay"": 0.0001, ""discount_factor"": 0.0}",13.011303999999654,100,-1.0,-1.0,-1.0,-1.0,0.0
"{""alpha"": 0.1, ""q_init"": ""random"", ""epsilon"": 0.3, ""epsilon_decay"": 0.0001, ""discount_factor"": 0.1}",6.486238999999841,100,5.329333333333334,4.9411764705882355,4.9411764705882355,5.733333333333333,0.39599920776312103
"{""alpha"": 0.1, ""q_init"": ""random"", ""epsilon"": 0.3, ""epsilon_decay"": 0.0001, ""discount_factor"": 0.2}",6.200528999999733,100,2.03,-1.0,-1.0,5.733333333333333,3.349791038258954
"{""alpha"": 0.1, ""q_init"": ""random"", ""epsilon"": 0.3, ""epsilon_decay"": 0.0001, ""discount_factor"": 0.3}",5.275951999999961,100,5.361019607843138,5.733333333333333,4.9411764705882355,5.733333333333333,0.39536484739144956
"{""alpha"": 0.1, ""q_init"": ""random"", ""epsilon"": 0.3, ""epsilon_decay"": 0.0001, ""discount_factor"": 0.4}",5.564056999999593,100,3.1073333333333335,5.733333333333333,-1.0,5.733333333333333,3.2841829019306052
"{""alpha"": 0.1, ""q_init"": ""random"", ""epsilon"": 0.3, ""epsilon_decay"": 0.0001, ""discount_factor"": 0.5}",5.60817599999973,100,2.636,5.733333333333333,-1.0,5.733333333333333,3.3558760406189014
"{""alpha"": 0.1, ""q_init"": ""random"", ""epsilon"": 0.3, ""epsilon_decay"": 0.0001, ""discount_factor"": 0.6}",5.525967999999921,100,2.2319999999999998,-1.0,-1.0,5.733333333333333,3.3639722551372704
"{""alpha"": 0.1, ""q_init"": ""random"", ""epsilon"": 0.3, ""epsilon_decay"": 0.0001, ""discount_factor"": 0.7}",5.5403820000010455,100,2.501333333333333,5.733333333333333,-1.0,5.733333333333333,3.3639722551372704
"{""alpha"": 0.1, ""q_init"": ""random"", ""epsilon"": 0.3, ""epsilon_decay"": 0.0001, ""discount_factor"": 0.8}",5.5114489999996295,100,2.0973333333333333,-1.0,-1.0,5.733333333333333,3.3558760406189014
"{""alpha"": 0.1, ""q_init"": ""random"", ""epsilon"": 0.3, ""epsilon_decay"": 0.0001, ""discount_factor"": 0.9}",5.468104000001404,100,2.5686666666666667,5.733333333333333,-1.0,5.733333333333333,3.3606012028273224
"{""alpha"": 0.1, ""q_init"": ""random"", ""epsilon"": 0.5, ""epsilon_decay"": 0.0001, ""discount_factor"": 0.0}",12.933970000000045,100,-1.0,-1.0,-1.0,-1.0,0.0
"{""alpha"": 0.1, ""q_init"": ""random"", ""epsilon"": 0.5, ""epsilon_decay"": 0.0001, ""discount_factor"": 0.1}",7.036724999999933,100,2.3666666666666667,2.3666666666666667,-1.0,5.733333333333333,3.3666666666666667
"{""alpha"": 0.1, ""q_init"": ""random"", ""epsilon"": 0.5, ""epsilon_decay"": 0.0001, ""discount_factor"": 0.2}",5.740442000000257,100,5.337254901960785,5.337254901960785,4.9411764705882355,5.733333333333333,0.3960784313725489
"{""alpha"": 0.1, ""q_init"": ""random"", ""epsilon"": 0.5, ""epsilon_decay"": 0.0001, ""discount_factor"": 0.3}",5.889675000000352,100,2.770666666666667,5.733333333333333,-1.0,5.733333333333333,3.3423387686535375
"{""alpha"": 0.1, ""q_init"": ""random"", ""epsilon"": 0.5, ""epsilon_decay"": 0.0001, ""discount_factor"": 0.4}",5.885866000000533,100,2.501333333333333,5.733333333333333,-1.0,5.733333333333333,3.3639722551372704
"{""alpha"": 0.1, ""q_init"": ""random"", ""epsilon"": 0.5, ""epsilon_decay"": 0.0001, ""discount_factor"": 0.5}",5.837569999999687,100,1.9626666666666663,-1.0,-1.0,5.733333333333333,3.342338768653537
"{""alpha"": 0.1, ""q_init"": ""random"", ""epsilon"": 0.5, ""epsilon_decay"": 0.0001, ""discount_factor"": 0.6}",5.814492000001337,100,2.636,5.733333333333333,-1.0,5.733333333333333,3.3558760406189014
"{""alpha"": 0.1, ""q_init"": ""random"", ""epsilon"": 0.5, ""epsilon_decay"": 0.0001, ""discount_factor"": 0.7}",5.660428000001048,100,2.636,5.733333333333333,-1.0,5.733333333333333,3.355876040618902
"{""alpha"": 0.1, ""q_init"": ""random"", ""epsilon"": 0.5, ""epsilon_decay"": 0.0001, ""discount_factor"": 0.8}",5.741894000000684,100,2.8380000000000005,5.733333333333333,-1.0,5.733333333333333,3.3335100619817144
"{""alpha"": 0.1, ""q_init"": ""random"", ""epsilon"": 0.5, ""epsilon_decay"": 0.0001, ""discount_factor"": 0.9}",5.818242999999711,100,2.03,-1.0,-1.0,5.733333333333333,3.349791038258954
"{""alpha"": 0.1, ""q_init"": 0, ""epsilon"": 0.1, ""epsilon_decay"": 0.0001, ""discount_factor"": 0.0}",51.86786699999902,100,-1.0,-1.0,-1.0,-1.0,0.0
"{""alpha"": 0.1, ""q_init"": 0, ""epsilon"": 0.1, ""epsilon_decay"": 0.0001, ""discount_factor"": 0.1}",10.396265999999741,100,2.164666666666666,-1.0,-1.0,5.733333333333333,3.3606012028273224
"{""alpha"": 0.1, ""q_init"": 0, ""epsilon"": 0.1, ""epsilon_decay"": 0.0001, ""discount_factor"": 0.2}",5.88890100000026,100,5.4006274509803935,5.733333333333333,4.9411764705882355,5.733333333333333,0.3909757586210382
"{""alpha"": 0.1, ""q_init"": 0, ""epsilon"": 0.1, ""epsilon_decay"": 0.0001, ""discount_factor"": 0.3}",5.901738000000478,100,2.5686666666666667,5.733333333333333,-1.0,5.733333333333333,3.3606012028273224
"{""alpha"": 0.1, ""q_init"": 0, ""epsilon"": 0.1, ""epsilon_decay"": 0.0001, ""discount_factor"": 0.4}",5.597450000001118,100,2.2319999999999998,-1.0,-1.0,5.733333333333333,3.3639722551372704
"{""alpha"": 0.1, ""q_init"": 0, ""epsilon"": 0.1, ""epsilon_decay"": 0.0001, ""discount_factor"": 0.5}",5.508284999999887,100,1.9626666666666666,-1.0,-1.0,5.733333333333333,3.3423387686535384
"{""alpha"": 0.1, ""q_init"": 0, ""epsilon"": 0.1, ""epsilon_decay"": 0.0001, ""discount_factor"": 0.6}",5.701671000000715,100,2.097333333333333,-1.0,-1.0,5.733333333333333,3.3558760406189014
"{""alpha"": 0.1, ""q_init"": 0, ""epsilon"": 0.1, ""epsilon_decay"": 0.0001, ""discount_factor"": 0.7}",5.61598099999901,100,1.9626666666666666,-1.0,-1.0,5.733333333333333,3.342338768653538
"{""alpha"": 0.1, ""q_init"": 0, ""epsilon"": 0.1, ""epsilon_decay"": 0.0001, ""discount_factor"": 0.8}",5.499193999999989,100,1.9626666666666666,-1.0,-1.0,5.733333333333333,3.342338768653538
"{""alpha"": 0.1, ""q_init"": 0, ""epsilon"": 0.1, ""epsilon_decay"": 0.0001, ""discount_factor"": 0.9}",4.493706999999631,100,5.281803921568627,4.9411764705882355,4.9411764705882355,5.733333333333333,0.39217765435078983
"{""alpha"": 0.1, ""q_init"": 0, ""epsilon"": 0.3, ""epsilon_decay"": 0.0001, ""discount_factor"": 0.0}",51.767556999999215,100,-1.0,-1.0,-1.0,-1.0,0.0
"{""alpha"": 0.1, ""q_init"": 0, ""epsilon"": 0.3, ""epsilon_decay"": 0.0001, ""discount_factor"": 0.1}",6.285164999999324,100,5.337254901960786,5.337254901960785,4.9411764705882355,5.733333333333333,0.39607843137254894
"{""alpha"": 0.1, ""q_init"": 0, ""epsilon"": 0.3, ""epsilon_decay"": 0.0001, ""discount_factor"": 0.2}",5.997080000001006,100,2.770666666666667,5.733333333333333,-1.0,5.733333333333333,3.342338768653537
"{""alpha"": 0.1, ""q_init"": 0, ""epsilon"": 0.3, ""epsilon_decay"": 0.0001, ""discount_factor"": 0.3}",5.930379999999786,100,2.636,5.733333333333333,-1.0,5.733333333333333,3.355876040618902
"{""alpha"": 0.1, ""q_init"": 0, ""epsilon"": 0.3, ""epsilon_decay"": 0.0001, ""discount_factor"": 0.4}",5.687197000001106,100,2.636,5.733333333333333,-1.0,5.733333333333333,3.3558760406189014
"{""alpha"": 0.1, ""q_init"": 0, ""epsilon"": 0.3, ""epsilon_decay"": 0.0001, ""discount_factor"": 0.5}",5.570725000001403,100,2.636,5.733333333333333,-1.0,5.733333333333333,3.3558760406189014
"{""alpha"": 0.1, ""q_init"": 0, ""epsilon"": 0.3, ""epsilon_decay"": 0.0001, ""discount_factor"": 0.6}",5.538071000000855,100,2.2993333333333332,-1.0,-1.0,5.733333333333333,3.3659932659865297
"{""alpha"": 0.1, ""q_init"": 0, ""epsilon"": 0.3, ""epsilon_decay"": 0.0001, ""discount_factor"": 0.7}",5.501672000000326,100,2.5686666666666667,5.733333333333333,-1.0,5.733333333333333,3.3606012028273224
"{""alpha"": 0.1, ""q_init"": 0, ""epsilon"": 0.3, ""epsilon_decay"": 0.0001, ""discount_factor"": 0.8}",5.504496999999901,100,2.4339999999999997,5.733333333333333,-1.0,5.733333333333333,3.36599326598653
"{""alpha"": 0.1, ""q_init"": 0, ""epsilon"": 0.3, ""epsilon_decay"": 0.0001, ""discount_factor"": 0.9}",5.560897999999725,100,1.7606666666666664,-1.0,-1.0,5.733333333333333,3.3116775876350713
"{""alpha"": 0.1, ""q_init"": 0, ""epsilon"": 0.5, ""epsilon_decay"": 0.0001, ""discount_factor"": 0.0}",52.12003100000038,100,-1.0,-1.0,-1.0,-1.0,0.0
"{""alpha"": 0.1, ""q_init"": 0, ""epsilon"": 0.5, ""epsilon_decay"": 0.0001, ""discount_factor"": 0.1}",6.795448000000761,100,2.636,5.733333333333333,-1.0,5.733333333333333,3.355876040618902
"{""alpha"": 0.1, ""q_init"": 0, ""epsilon"": 0.5, ""epsilon_decay"": 0.0001, ""discount_factor"": 0.2}",6.121801000001142,100,2.770666666666667,5.733333333333333,-1.0,5.733333333333333,3.342338768653537
"{""alpha"": 0.1, ""q_init"": 0, ""epsilon"": 0.5, ""epsilon_decay"": 0.0001, ""discount_factor"": 0.3}",5.447237000000314,100,5.368941176470589,5.733333333333333,4.9411764705882355,5.733333333333333,0.3948089459551649
"{""alpha"": 0.1, ""q_init"": 0, ""epsilon"": 0.5, ""epsilon_decay"": 0.0001, ""discount_factor"": 0.4}",6.043423999999504,100,2.1646666666666663,-1.0,-1.0,5.733333333333333,3.3606012028273224
"{""alpha"": 0.1, ""q_init"": 0, ""epsilon"": 0.5, ""epsilon_decay"": 0.0001, ""discount_factor"": 0.5}",5.8741250000002765,100,2.636,5.733333333333333,-1.0,5.733333333333333,3.3558760406189014
"{""alpha"": 0.1, ""q_init"": 0, ""epsilon"": 0.5, ""epsilon_decay"": 0.0001, ""discount_factor"": 0.6}",5.761151000000609,100,2.501333333333333,5.733333333333333,-1.0,5.733333333333333,3.3639722551372704
"{""alpha"": 0.1, ""q_init"": 0, ""epsilon"": 0.5, ""epsilon_decay"": 0.0001, ""discount_factor"": 0.7}",5.723222000000533,100,2.5686666666666667,5.733333333333333,-1.0,5.733333333333333,3.360601202827322
"{""alpha"": 0.1, ""q_init"": 0, ""epsilon"": 0.5, ""epsilon_decay"": 0.0001, ""discount_factor"": 0.8}",5.115959000000657,100,5.281803921568628,4.9411764705882355,4.9411764705882355,5.733333333333333,0.39217765435078983
"{""alpha"": 0.1, ""q_init"": 0, ""epsilon"": 0.5, ""epsilon_decay"": 0.0001, ""discount_factor"": 0.9}",5.79555099999925,100,2.3666666666666663,2.3666666666666667,-1.0,5.733333333333333,3.3666666666666667
"{""alpha"": 0.5, ""q_init"": ""random"", ""epsilon"": 0.1, ""epsilon_decay"": 0.0001, ""discount_factor"": 0.0}",12.9107640000002,100,-1.0,-1.0,-1.0,-1.0,0.0
"{""alpha"": 0.5, ""q_init"": ""random"", ""epsilon"": 0.1, ""epsilon_decay"": 0.0001, ""discount_factor"": 0.1}",5.168527999998332,100,2.4339999999999997,5.733333333333333,-1.0,5.733333333333333,3.36599326598653
"{""alpha"": 0.5, ""q_init"": ""random"", ""epsilon"": 0.1, ""epsilon_decay"": 0.0001, ""discount_factor"": 0.2}",4.467946000000666,100,5.305568627450981,4.9411764705882355,4.9411764705882355,5.733333333333333,0.3948089459551649
"{""alpha"": 0.5, ""q_init"": ""random"", ""epsilon"": 0.1, ""epsilon_decay"": 0.0001, ""discount_factor"": 0.3}",5.160196000000724,100,2.03,-1.0,-1.0,5.733333333333333,3.349791038258954
"{""alpha"": 0.5, ""q_init"": ""random"", ""epsilon"": 0.1, ""epsilon_decay"": 0.0001, ""discount_factor"": 0.4}",5.0223580000001675,100,2.3666666666666667,2.3666666666666667,-1.0,5.733333333333333,3.3666666666666667
"{""alpha"": 0.5, ""q_init"": ""random"", ""epsilon"": 0.1, ""epsilon_decay"": 0.0001, ""discount_factor"": 0.5}",4.983705999999074,100,2.501333333333333,5.733333333333333,-1.0,5.733333333333333,3.3639722551372704
"{""alpha"": 0.5, ""q_init"": ""random"", ""epsilon"": 0.1, ""epsilon_decay"": 0.0001, ""discount_factor"": 0.6}",5.1775200000010955,100,2.7706666666666666,5.733333333333333,-1.0,5.733333333333333,3.342338768653537
"{""alpha"": 0.5, ""q_init"": ""random"", ""epsilon"": 0.1, ""epsilon_decay"": 0.0001, ""discount_factor"": 0.7}",5.238208999999188,100,2.2993333333333332,-1.0,-1.0,5.733333333333333,3.3659932659865297
"{""alpha"": 0.5, ""q_init"": ""random"", ""epsilon"": 0.1, ""epsilon_decay"": 0.0001, ""discount_factor"": 0.8}",5.491541999999754,100,2.434,5.733333333333333,-1.0,5.733333333333333,3.3659932659865297
"{""alpha"": 0.5, ""q_init"": ""random"", ""epsilon"": 0.1, ""epsilon_decay"": 0.0001, ""discount_factor"": 0.9}",4.916979000001447,100,2.7033333333333336,5.733333333333333,-1.0,5.733333333333333,3.349791038258954
"{""alpha"": 0.5, ""q_init"": ""random"", ""epsilon"": 0.3, ""epsilon_decay"": 0.0001, ""discount_factor"": 0.0}",12.987301999999545,100,-1.0,-1.0,-1.0,-1.0,0.0
"{""alpha"": 0.5, ""q_init"": ""random"", ""epsilon"": 0.3, ""epsilon_decay"": 0.0001, ""discount_factor"": 0.1}",4.756249000000025,100,5.392705882352943,5.733333333333333,4.9411764705882355,5.733333333333333,0.39217765435078983
"{""alpha"": 0.5, ""q_init"": ""random"", ""epsilon"": 0.3, ""epsilon_decay"": 0.0001, ""discount_factor"": 0.2}",4.766491000000315,100,5.3689411764705905,5.733333333333333,4.9411764705882355,5.733333333333333,0.39480894595516486
"{""alpha"": 0.5, ""q_init"": ""random"", ""epsilon"": 0.3, ""epsilon_decay"": 0.0001, ""discount_factor"": 0.3}",5.333211999999548,100,2.3666666666666663,2.3666666666666667,-1.0,5.733333333333333,3.3666666666666667
"{""alpha"": 0.5, ""q_init"": ""random"", ""epsilon"": 0.3, ""epsilon_decay"": 0.0001, ""discount_factor"": 0.4}",4.732541999999739,100,5.313490196078432,4.9411764705882355,4.9411764705882355,5.733333333333333,0.3953648473914496
"{""alpha"": 0.5, ""q_init"": ""random"", ""epsilon"": 0.3, ""epsilon_decay"": 0.0001, ""discount_factor"": 0.5}",5.281684999999925,100,2.3666666666666667,2.3666666666666667,-1.0,5.733333333333333,3.3666666666666667
"{""alpha"": 0.5, ""q_init"": ""random"", ""epsilon"": 0.3, ""epsilon_decay"": 0.0001, ""discount_factor"": 0.6}",4.770292999999583,100,5.265960784313726,4.9411764705882355,4.9411764705882355,5.733333333333333,0.3896091279570671
"{""alpha"": 0.5, ""q_init"": ""random"", ""epsilon"": 0.3, ""epsilon_decay"": 0.0001, ""discount_factor"": 0.7}",5.352659000000131,100,2.5686666666666667,5.733333333333333,-1.0,5.733333333333333,3.3606012028273224
"{""alpha"": 0.5, ""q_init"": ""random"", ""epsilon"": 0.3, ""epsilon_decay"": 0.0001, ""discount_factor"": 0.8}",5.476125999999567,100,2.434,5.733333333333333,-1.0,5.733333333333333,3.3659932659865297
"{""alpha"": 0.5, ""q_init"": ""random"", ""epsilon"": 0.3, ""epsilon_decay"": 0.0001, ""discount_factor"": 0.9}",5.2222229999988485,100,2.770666666666667,5.733333333333333,-1.0,5.733333333333333,3.3423387686535375
"{""alpha"": 0.5, ""q_init"": ""random"", ""epsilon"": 0.5, ""epsilon_decay"": 0.0001, ""discount_factor"": 0.0}",51.670985999999175,100,-1.0,-1.0,-1.0,-1.0,0.0
"{""alpha"": 0.5, ""q_init"": ""random"", ""epsilon"": 0.5, ""epsilon_decay"": 0.0001, ""discount_factor"": 0.1}",5.979740000000675,100,1.9626666666666668,-1.0,-1.0,5.733333333333333,3.342338768653538
"{""alpha"": 0.5, ""q_init"": ""random"", ""epsilon"": 0.5, ""epsilon_decay"": 0.0001, ""discount_factor"": 0.2}",5.242322000000058,100,5.313490196078432,4.9411764705882355,4.9411764705882355,5.733333333333333,0.39536484739144956
"{""alpha"": 0.5, ""q_init"": ""random"", ""epsilon"": 0.5, ""epsilon_decay"": 0.0001, ""discount_factor"": 0.3}",5.042957999999999,100,5.329333333333334,4.9411764705882355,4.9411764705882355,5.733333333333333,0.39599920776312103
"{""alpha"": 0.5, ""q_init"": ""random"", ""epsilon"": 0.5, ""epsilon_decay"": 0.0001, ""discount_factor"": 0.4}",5.009262999999919,100,5.361019607843138,5.733333333333333,4.9411764705882355,5.733333333333333,0.3953648473914496
"{""alpha"": 0.5, ""q_init"": ""random"", ""epsilon"": 0.5, ""epsilon_decay"": 0.0001, ""discount_factor"": 0.5}",5.063497999999527,100,5.408549019607844,5.733333333333333,4.9411764705882355,5.733333333333333,0.3896091279570671
"{""alpha"": 0.5, ""q_init"": ""random"", ""epsilon"": 0.5, ""epsilon_decay"": 0.0001, ""discount_factor"": 0.6}",5.592604000001302,100,2.299333333333333,-1.0,-1.0,5.733333333333333,3.365993265986529
"{""alpha"": 0.5, ""q_init"": ""random"", ""epsilon"": 0.5, ""epsilon_decay"": 0.0001, ""discount_factor"": 0.7}",5.044713999999658,100,5.321411764705885,4.9411764705882355,4.9411764705882355,5.733333333333333,0.3957614417808553
"{""alpha"": 0.5, ""q_init"": ""random"", ""epsilon"": 0.5, ""epsilon_decay"": 0.0001, ""discount_factor"": 0.8}",5.615072000000509,100,2.501333333333333,5.733333333333333,-1.0,5.733333333333333,3.3639722551372704
"{""alpha"": 0.5, ""q_init"": ""random"", ""epsilon"": 0.5, ""epsilon_decay"": 0.0001, ""discount_factor"": 0.9}",5.506516999999803,100,2.770666666666667,5.733333333333333,-1.0,5.733333333333333,3.3423387686535375
"{""alpha"": 0.5, ""q_init"": 0, ""epsilon"": 0.1, ""epsilon_decay"": 0.0001, ""discount_factor"": 0.0}",51.74349799999982,100,-1.0,-1.0,-1.0,-1.0,0.0
"{""alpha"": 0.5, ""q_init"": 0, ""epsilon"": 0.1, ""epsilon_decay"": 0.0001, ""discount_factor"": 0.1}",5.136931000000914,100,2.097333333333333,-1.0,-1.0,5.733333333333333,3.3558760406189014
"{""alpha"": 0.5, ""q_init"": 0, ""epsilon"": 0.1, ""epsilon_decay"": 0.0001, ""discount_factor"": 0.2}",4.6111149999997,100,5.250117647058825,4.9411764705882355,4.9411764705882355,5.733333333333333,0.38637445905065937
"{""alpha"": 0.5, ""q_init"": 0, ""epsilon"": 0.1, ""epsilon_decay"": 0.0001, ""discount_factor"": 0.3}",5.065337999998519,100,2.2993333333333332,-1.0,-1.0,5.733333333333333,3.36599326598653
"{""alpha"": 0.5, ""q_init"": 0, ""epsilon"": 0.1, ""epsilon_decay"": 0.0001, ""discount_factor"": 0.4}",4.873826999999437,100,2.9053333333333335,5.733333333333333,-1.0,5.733333333333333,3.3232939482788257
"{""alpha"": 0.5, ""q_init"": 0, ""epsilon"": 0.1, ""epsilon_decay"": 0.0001, ""discount_factor"": 0.5}",5.059659999998985,100,2.03,-1.0,-1.0,5.733333333333333,3.349791038258954
"{""alpha"": 0.5, ""q_init"": 0, ""epsilon"": 0.1, ""epsilon_decay"": 0.0001, ""discount_factor"": 0.6}",4.964916999999332,100,2.4339999999999993,5.733333333333333,-1.0,5.733333333333333,3.36599326598653
"{""alpha"": 0.5, ""q_init"": 0, ""epsilon"": 0.1, ""epsilon_decay"": 0.0001, ""discount_factor"": 0.7}",5.016323999998349,100,1.8953333333333333,-1.0,-1.0,5.733333333333333,3.3335100619817144
"{""alpha"": 0.5, ""q_init"": 0, ""epsilon"": 0.1, ""epsilon_decay"": 0.0001, ""discount_factor"": 0.8}",5.3072119999997085,100,1.9626666666666666,-1.0,-1.0,5.733333333333333,3.3423387686535384
"{""alpha"": 0.5, ""q_init"": 0, ""epsilon"": 0.1, ""epsilon_decay"": 0.0001, ""discount_factor"": 0.9}",4.956095999999889,100,3.04,5.733333333333333,-1.0,5.733333333333333,3.298646186948013
"{""alpha"": 0.5, ""q_init"": 0, ""epsilon"": 0.3, ""epsilon_decay"": 0.0001, ""discount_factor"": 0.0}",52.35283399999935,100,-1.0,-1.0,-1.0,-1.0,0.0
"{""alpha"": 0.5, ""q_init"": 0, ""epsilon"": 0.3, ""epsilon_decay"": 0.0001, ""discount_factor"": 0.1}",5.3641720000014175,100,2.636,5.733333333333333,-1.0,5.733333333333333,3.355876040618902
"{""alpha"": 0.5, ""q_init"": 0, ""epsilon"": 0.3, ""epsilon_decay"": 0.0001, ""discount_factor"": 0.2}",5.493865000000369,100,2.636,5.733333333333333,-1.0,5.733333333333333,3.3558760406189014
"{""alpha"": 0.5, ""q_init"": 0, ""epsilon"": 0.3, ""epsilon_decay"": 0.0001, ""discount_factor"": 0.3}",4.761137999999846,100,5.353098039215688,5.733333333333333,4.9411764705882355,5.733333333333333,0.39576144178085526
"{""alpha"": 0.5, ""q_init"": 0, ""epsilon"": 0.3, ""epsilon_decay"": 0.0001, ""discount_factor"": 0.4}",5.442569000000731,100,1.6259999999999997,-1.0,-1.0,5.733333333333333,3.2841829019306052
"{""alpha"": 0.5, ""q_init"": 0, ""epsilon"": 0.3, ""epsilon_decay"": 0.0001, ""discount_factor"": 0.5}",5.325297999999748,100,2.2993333333333332,-1.0,-1.0,5.733333333333333,3.3659932659865297
"{""alpha"": 0.5, ""q_init"": 0, ""epsilon"": 0.3, ""epsilon_decay"": 0.0001, ""discount_factor"": 0.6}",5.3809909999999945,100,1.5586666666666664,-1.0,-1.0,5.733333333333333,3.268268722801791
"{""alpha"": 0.5, ""q_init"": 0, ""epsilon"": 0.3, ""epsilon_decay"": 0.0001, ""discount_factor"": 0.7}",5.214503999999579,100,2.838,5.733333333333333,-1.0,5.733333333333333,3.3335100619817144
"{""alpha"": 0.5, ""q_init"": 0, ""epsilon"": 0.3, ""epsilon_decay"": 0.0001, ""discount_factor"": 0.8}",5.337229999999181,100,2.0299999999999994,-1.0,-1.0,5.733333333333333,3.349791038258953
"{""alpha"": 0.5, ""q_init"": 0, ""epsilon"": 0.3, ""epsilon_decay"": 0.0001, ""discount_factor"": 0.9}",5.385206000000835,100,2.097333333333333,-1.0,-1.0,5.733333333333333,3.3558760406189014
"{""alpha"": 0.5, ""q_init"": 0, ""epsilon"": 0.5, ""epsilon_decay"": 0.0001, ""discount_factor"": 0.0}",13.01698100000067,100,-1.0,-1.0,-1.0,-1.0,0.0
"{""alpha"": 0.5, ""q_init"": 0, ""epsilon"": 0.5, ""epsilon_decay"": 0.0001, ""discount_factor"": 0.1}",5.106513000000632,100,5.408549019607844,5.733333333333333,4.9411764705882355,5.733333333333333,0.38960912795706704
"{""alpha"": 0.5, ""q_init"": 0, ""epsilon"": 0.5, ""epsilon_decay"": 0.0001, ""discount_factor"": 0.2}",5.735507999999754,100,1.6933333333333331,-1.0,-1.0,5.733333333333333,3.298646186948013
"{""alpha"": 0.5, ""q_init"": 0, ""epsilon"": 0.5, ""epsilon_decay"": 0.0001, ""discount_factor"": 0.3}",5.209076999999525,100,5.2976470588235305,4.9411764705882355,4.9411764705882355,5.733333333333333,0.3940930633245827
"{""alpha"": 0.5, ""q_init"": 0, ""epsilon"": 0.5, ""epsilon_decay"": 0.0001, ""discount_factor"": 0.4}",5.275441999998293,100,5.337254901960785,5.337254901960785,4.9411764705882355,5.733333333333333,0.3960784313725489
"{""alpha"": 0.5, ""q_init"": 0, ""epsilon"": 0.5, ""epsilon_decay"": 0.0001, ""discount_factor"": 0.5}",5.659003999999186,100,2.2319999999999993,-1.0,-1.0,5.733333333333333,3.3639722551372704
"{""alpha"": 0.5, ""q_init"": 0, ""epsilon"": 0.5, ""epsilon_decay"": 0.0001, ""discount_factor"": 0.6}",5.656074000000444,100,2.097333333333333,-1.0,-1.0,5.733333333333333,3.3558760406189014
"{""alpha"": 0.5, ""q_init"": 0, ""epsilon"": 0.5, ""epsilon_decay"": 0.0001, ""discount_factor"": 0.7}",5.530994999999166,100,2.770666666666667,5.733333333333333,-1.0,5.733333333333333,3.342338768653538
"{""alpha"": 0.5, ""q_init"": 0, ""epsilon"": 0.5, ""epsilon_decay"": 0.0001, ""discount_factor"": 0.8}",4.993274999998903,100,5.368941176470589,5.733333333333333,4.9411764705882355,5.733333333333333,0.3948089459551649
"{""alpha"": 0.5, ""q_init"": 0, ""epsilon"": 0.5, ""epsilon_decay"": 0.0001, ""discount_factor"": 0.9}",5.584253999999419,100,2.2319999999999998,-1.0,-1.0,5.733333333333333,3.3639722551372704
"{""alpha"": 0.9, ""q_init"": ""random"", ""epsilon"": 0.1, ""epsilon_decay"": 0.0001, ""discount_factor"": 0.0}",13.030428999998549,100,-1.0,-1.0,-1.0,-1.0,0.0
"{""alpha"": 0.9, ""q_init"": ""random"", ""epsilon"": 0.1, ""epsilon_decay"": 0.0001, ""discount_factor"": 0.1}",4.985300999998799,100,2.501333333333333,5.733333333333333,-1.0,5.733333333333333,3.3639722551372704
"{""alpha"": 0.9, ""q_init"": ""random"", ""epsilon"": 0.1, ""epsilon_decay"": 0.0001, ""discount_factor"": 0.2}",4.307736999999179,100,5.321411764705883,4.9411764705882355,4.9411764705882355,5.733333333333333,0.3957614417808552
"{""alpha"": 0.9, ""q_init"": ""random"", ""epsilon"": 0.1, ""epsilon_decay"": 0.0001, ""discount_factor"": 0.3}",4.939120000000912,100,2.703333333333333,5.733333333333333,-1.0,5.733333333333333,3.3497910382589544
"{""alpha"": 0.9, ""q_init"": ""random"", ""epsilon"": 0.1, ""epsilon_decay"": 0.0001, ""discount_factor"": 0.4}",4.961957999999868,100,2.2993333333333332,-1.0,-1.0,5.733333333333333,3.3659932659865297
"{""alpha"": 0.9, ""q_init"": ""random"", ""epsilon"": 0.1, ""epsilon_decay"": 0.0001, ""discount_factor"": 0.5}",5.23607500000071,100,2.3666666666666663,2.3666666666666667,-1.0,5.733333333333333,3.3666666666666667
"{""alpha"": 0.9, ""q_init"": ""random"", ""epsilon"": 0.1, ""epsilon_decay"": 0.0001, ""discount_factor"": 0.6}",4.946091000001616,100,2.3666666666666667,2.3666666666666667,-1.0,5.733333333333333,3.3666666666666667
"{""alpha"": 0.9, ""q_init"": ""random"", ""epsilon"": 0.1, ""epsilon_decay"": 0.0001, ""discount_factor"": 0.7}",4.990318000000116,100,2.2319999999999998,-1.0,-1.0,5.733333333333333,3.3639722551372704
"{""alpha"": 0.9, ""q_init"": ""random"", ""epsilon"": 0.1, ""epsilon_decay"": 0.0001, ""discount_factor"": 0.8}",5.087668999998641,100,1.9626666666666666,-1.0,-1.0,5.733333333333333,3.3423387686535375
"{""alpha"": 0.9, ""q_init"": ""random"", ""epsilon"": 0.1, ""epsilon_decay"": 0.0001, ""discount_factor"": 0.9}",4.996984999999768,100,2.8380000000000005,5.733333333333333,-1.0,5.733333333333333,3.3335100619817144
"{""alpha"": 0.9, ""q_init"": ""random"", ""epsilon"": 0.3, ""epsilon_decay"": 0.0001, ""discount_factor"": 0.0}",12.966656000000512,100,-1.0,-1.0,-1.0,-1.0,0.0
"{""alpha"": 0.9, ""q_init"": ""random"", ""epsilon"": 0.3, ""epsilon_decay"": 0.0001, ""discount_factor"": 0.1}",5.393259000000398,100,2.4339999999999993,5.733333333333333,-1.0,5.733333333333333,3.36599326598653
"{""alpha"": 0.9, ""q_init"": ""random"", ""epsilon"": 0.3, ""epsilon_decay"": 0.0001, ""discount_factor"": 0.2}",5.200550999999905,100,2.905333333333333,5.733333333333333,-1.0,5.733333333333333,3.3232939482788253
"{""alpha"": 0.9, ""q_init"": ""random"", ""epsilon"": 0.3, ""epsilon_decay"": 0.0001, ""discount_factor"": 0.3}",4.650871999998344,100,5.273882352941177,4.9411764705882355,4.9411764705882355,5.733333333333333,0.3909757586210383
"{""alpha"": 0.9, ""q_init"": ""random"", ""epsilon"": 0.3, ""epsilon_decay"": 0.0001, ""discount_factor"": 0.4}",5.2578190000003815,100,2.5686666666666667,5.733333333333333,-1.0,5.733333333333333,3.3606012028273224
"{""alpha"": 0.9, ""q_init"": ""random"", ""epsilon"": 0.3, ""epsilon_decay"": 0.0001, ""discount_factor"": 0.5}",4.682860000000801,100,5.337254901960787,5.337254901960785,4.9411764705882355,5.733333333333333,0.3960784313725489
"{""alpha"": 0.9, ""q_init"": ""random"", ""epsilon"": 0.3, ""epsilon_decay"": 0.0001, ""discount_factor"": 0.6}",5.311579999999594,100,2.636,5.733333333333333,-1.0,5.733333333333333,3.3558760406189014
"{""alpha"": 0.9, ""q_init"": ""random"", ""epsilon"": 0.3, ""epsilon_decay"": 0.0001, ""discount_factor"": 0.7}",5.615442000000257,100,2.434,5.733333333333333,-1.0,5.733333333333333,3.3659932659865297
"{""alpha"": 0.9, ""q_init"": ""random"", ""epsilon"": 0.3, ""epsilon_decay"": 0.0001, ""discount_factor"": 0.8}",5.434215000001132,100,2.1646666666666667,-1.0,-1.0,5.733333333333333,3.3606012028273224
"{""alpha"": 0.9, ""q_init"": ""random"", ""epsilon"": 0.3, ""epsilon_decay"": 0.0001, ""discount_factor"": 0.9}",5.177771999999095,100,2.636,5.733333333333333,-1.0,5.733333333333333,3.3558760406189014
"{""alpha"": 0.9, ""q_init"": ""random"", ""epsilon"": 0.5, ""epsilon_decay"": 0.0001, ""discount_factor"": 0.0}",12.98942100000022,100,-1.0,-1.0,-1.0,-1.0,0.0
"{""alpha"": 0.9, ""q_init"": ""random"", ""epsilon"": 0.5, ""epsilon_decay"": 0.0001, ""discount_factor"": 0.1}",5.575941000000967,100,2.8380000000000005,5.733333333333333,-1.0,5.733333333333333,3.3335100619817144
"{""alpha"": 0.9, ""q_init"": ""random"", ""epsilon"": 0.5, ""epsilon_decay"": 0.0001, ""discount_factor"": 0.2}",5.142135000000053,100,5.345176470588237,5.733333333333333,4.9411764705882355,5.733333333333333,0.39599920776312114
"{""alpha"": 0.9, ""q_init"": ""random"", ""epsilon"": 0.5, ""epsilon_decay"": 0.0001, ""discount_factor"": 0.3}",4.955723999999464,100,5.345176470588236,5.733333333333333,4.9411764705882355,5.733333333333333,0.3959992077631211
"{""alpha"": 0.9, ""q_init"": ""random"", ""epsilon"": 0.5, ""epsilon_decay"": 0.0001, ""discount_factor"": 0.4}",4.954797000000326,100,5.313490196078432,4.9411764705882355,4.9411764705882355,5.733333333333333,0.39536484739144956
"{""alpha"": 0.9, ""q_init"": ""random"", ""epsilon"": 0.5, ""epsilon_decay"": 0.0001, ""discount_factor"": 0.5}",5.631742999999915,100,2.097333333333333,-1.0,-1.0,5.733333333333333,3.355876040618902
"{""alpha"": 0.9, ""q_init"": ""random"", ""epsilon"": 0.5, ""epsilon_decay"": 0.0001, ""discount_factor"": 0.6}",4.966158000001087,100,5.273882352941177,4.9411764705882355,4.9411764705882355,5.733333333333333,0.3909757586210383
"{""alpha"": 0.9, ""q_init"": ""random"", ""epsilon"": 0.5, ""epsilon_decay"": 0.0001, ""discount_factor"": 0.7}",5.606080999999904,100,2.4339999999999993,5.733333333333333,-1.0,5.733333333333333,3.36599326598653
"{""alpha"": 0.9, ""q_init"": ""random"", ""epsilon"": 0.5, ""epsilon_decay"": 0.0001, ""discount_factor"": 0.8}",5.045878000000812,100,5.337254901960786,5.337254901960785,4.9411764705882355,5.733333333333333,0.396078431372549
"{""alpha"": 0.9, ""q_init"": ""random"", ""epsilon"": 0.5, ""epsilon_decay"": 0.0001, ""discount_factor"": 0.9}",5.0942790000008245,100,5.345176470588237,5.733333333333333,4.9411764705882355,5.733333333333333,0.3959992077631211
"{""alpha"": 0.9, ""q_init"": 0, ""epsilon"": 0.1, ""epsilon_decay"": 0.0001, ""discount_factor"": 0.0}",51.53926499999943,100,-1.0,-1.0,-1.0,-1.0,0.0
"{""alpha"": 0.9, ""q_init"": 0, ""epsilon"": 0.1, ""epsilon_decay"": 0.0001, ""discount_factor"": 0.1}",4.960542000000714,100,2.636,5.733333333333333,-1.0,5.733333333333333,3.3558760406189014
"{""alpha"": 0.9, ""q_init"": 0, ""epsilon"": 0.1, ""epsilon_decay"": 0.0001, ""discount_factor"": 0.2}",4.559742000001279,100,5.281803921568627,4.9411764705882355,4.9411764705882355,5.733333333333333,0.39217765435078983
"{""alpha"": 0.9, ""q_init"": 0, ""epsilon"": 0.1, ""epsilon_decay"": 0.0001, ""discount_factor"": 0.3}",5.195261999999275,100,2.770666666666667,5.733333333333333,-1.0,5.733333333333333,3.342338768653538
"{""alpha"": 0.9, ""q_init"": 0, ""epsilon"": 0.1, ""epsilon_decay"": 0.0001, ""discount_factor"": 0.4}",5.030485999999655,100,2.3666666666666663,2.3666666666666667,-1.0,5.733333333333333,3.3666666666666667
"{""alpha"": 0.9, ""q_init"": 0, ""epsilon"": 0.1, ""epsilon_decay"": 0.0001, ""discount_factor"": 0.5}",5.142403999998351,100,1.693333333333333,-1.0,-1.0,5.733333333333333,3.2986461869480133
"{""alpha"": 0.9, ""q_init"": 0, ""epsilon"": 0.1, ""epsilon_decay"": 0.0001, ""discount_factor"": 0.6}",4.992153999999573,100,2.03,-1.0,-1.0,5.733333333333333,3.349791038258954
"{""alpha"": 0.9, ""q_init"": 0, ""epsilon"": 0.1, ""epsilon_decay"": 0.0001, ""discount_factor"": 0.7}",5.124246999999741,100,1.9626666666666663,-1.0,-1.0,5.733333333333333,3.342338768653537
"{""alpha"": 0.9, ""q_init"": 0, ""epsilon"": 0.1, ""epsilon_decay"": 0.0001, ""discount_factor"": 0.8}",4.390847000000576,100,5.353098039215688,5.733333333333333,4.9411764705882355,5.733333333333333,0.39576144178085526
"{""alpha"": 0.9, ""q_init"": 0, ""epsilon"": 0.1, ""epsilon_decay"": 0.0001, ""discount_factor"": 0.9}",5.06565000000046,100,2.03,-1.0,-1.0,5.733333333333333,3.349791038258954
"{""alpha"": 0.9, ""q_init"": 0, ""epsilon"": 0.3, ""epsilon_decay"": 0.0001, ""discount_factor"": 0.0}",12.998415000000023,100,-1.0,-1.0,-1.0,-1.0,0.0
"{""alpha"": 0.9, ""q_init"": 0, ""epsilon"": 0.3, ""epsilon_decay"": 0.0001, ""discount_factor"": 0.1}",5.33070299999963,100,1.8279999999999998,-1.0,-1.0,5.733333333333333,3.3232939482788257
"{""alpha"": 0.9, ""q_init"": 0, ""epsilon"": 0.3, ""epsilon_decay"": 0.0001, ""discount_factor"": 0.2}",5.29414099999849,100,2.3666666666666663,2.3666666666666667,-1.0,5.733333333333333,3.3666666666666667
"{""alpha"": 0.9, ""q_init"": 0, ""epsilon"": 0.3, ""epsilon_decay"": 0.0001, ""discount_factor"": 0.3}",5.222512000000279,100,2.4339999999999997,5.733333333333333,-1.0,5.733333333333333,3.3659932659865297
"{""alpha"": 0.9, ""q_init"": 0, ""epsilon"": 0.3, ""epsilon_decay"": 0.0001, ""discount_factor"": 0.4}",4.79330200000004,100,5.400627450980393,5.733333333333333,4.9411764705882355,5.733333333333333,0.3909757586210382
"{""alpha"": 0.9, ""q_init"": 0, ""epsilon"": 0.3, ""epsilon_decay"": 0.0001, ""discount_factor"": 0.5}",5.393692999999985,100,2.1646666666666663,-1.0,-1.0,5.733333333333333,3.3606012028273224
"{""alpha"": 0.9, ""q_init"": 0, ""epsilon"": 0.3, ""epsilon_decay"": 0.0001, ""discount_factor"": 0.6}",4.701043999999456,100,5.3847843137254925,5.733333333333333,4.9411764705882355,5.733333333333333,0.3932163257239455
"{""alpha"": 0.9, ""q_init"": 0, ""epsilon"": 0.3, ""epsilon_decay"": 0.0001, ""discount_factor"": 0.7}",4.728672000001097,100,5.337254901960785,5.337254901960785,4.9411764705882355,5.733333333333333,0.39607843137254894
"{""alpha"": 0.9, ""q_init"": 0, ""epsilon"": 0.3, ""epsilon_decay"": 0.0001, ""discount_factor"": 0.8}",4.708834000000934,100,5.321411764705883,4.9411764705882355,4.9411764705882355,5.733333333333333,0.3957614417808552
"{""alpha"": 0.9, ""q_init"": 0, ""epsilon"": 0.3, ""epsilon_decay"": 0.0001, ""discount_factor"": 0.9}",5.60569900000155,100,1.5586666666666662,-1.0,-1.0,5.733333333333333,3.268268722801791
"{""alpha"": 0.9, ""q_init"": 0, ""epsilon"": 0.5, ""epsilon_decay"": 0.0001, ""discount_factor"": 0.0}",51.92240899999888,100,-1.0,-1.0,-1.0,-1.0,0.0
"{""alpha"": 0.9, ""q_init"": 0, ""epsilon"": 0.5, ""epsilon_decay"": 0.0001, ""discount_factor"": 0.1}",5.619958999999653,100,2.0973333333333333,-1.0,-1.0,5.733333333333333,3.3558760406189014
"{""alpha"": 0.9, ""q_init"": 0, ""epsilon"": 0.5, ""epsilon_decay"": 0.0001, ""discount_factor"": 0.2}",4.937479000000167,100,5.305568627450982,4.9411764705882355,4.9411764705882355,5.733333333333333,0.3948089459551649
"{""alpha"": 0.9, ""q_init"": 0, ""epsilon"": 0.5, ""epsilon_decay"": 0.0001, ""discount_factor"": 0.3}",4.982288000001063,100,5.2976470588235305,4.9411764705882355,4.9411764705882355,5.733333333333333,0.3940930633245827
"{""alpha"": 0.9, ""q_init"": 0, ""epsilon"": 0.5, ""epsilon_decay"": 0.0001, ""discount_factor"": 0.4}",4.973925000000236,100,5.289725490196079,4.9411764705882355,4.9411764705882355,5.733333333333333,0.39321632572394555
"{""alpha"": 0.9, ""q_init"": 0, ""epsilon"": 0.5, ""epsilon_decay"": 0.0001, ""discount_factor"": 0.5}",5.578241999999591,100,2.7033333333333336,5.733333333333333,-1.0,5.733333333333333,3.349791038258954
"{""alpha"": 0.9, ""q_init"": 0, ""epsilon"": 0.5, ""epsilon_decay"": 0.0001, ""discount_factor"": 0.6}",5.516528000000108,100,2.3666666666666663,2.3666666666666667,-1.0,5.733333333333333,3.3666666666666667
"{""alpha"": 0.9, ""q_init"": 0, ""epsilon"": 0.5, ""epsilon_decay"": 0.0001, ""discount_factor"": 0.7}",5.561957000001712,100,2.4339999999999997,5.733333333333333,-1.0,5.733333333333333,3.3659932659865297
"{""alpha"": 0.9, ""q_init"": 0, ""epsilon"": 0.5, ""epsilon_decay"": 0.0001, ""discount_factor"": 0.8}",5.686765000000378,100,1.9626666666666663,-1.0,-1.0,5.733333333333333,3.342338768653537
"{""alpha"": 0.9, ""q_init"": 0, ""epsilon"": 0.5, ""epsilon_decay"": 0.0001, ""discount_factor"": 0.9}",5.509805000001506,100,3.376666666666667,5.733333333333333,-1.0,5.733333333333333,3.211595311437051
